{"cameraMode":{"drawMode":0,"name":"Shaded","section":"Shading Mode"},"sceneLighting":true,"audioPlay":false,"sceneViewState":{"showFog":false,"showMaterialUpdate":false,"showSkybox":false,"showFlares":false,"showImageEffects":true,"showParticleSystems":true},"in2DMode":false,"pivot":{"x":0.05908203125,"y":19.110595703125,"z":-0.6923828125},"rotation":{"x":-0.15611492097377778,"y":0.42573630809783938,"z":-0.07483214139938355,"w":-0.8881311416625977},"size":5.811046123504639,"orthographic":true}